type,weps,teps,porig,p,pn
stats,3.000000,1.000000,0.090031,0.202140,282375
fs,3.000000,1.000000,0.090031,0.253427,281805
